{
  "name": "ngSweetAlert",
  "version": "1.1.0",
  "main": "./SweetAlert.js",
  "author": "pedro@oitozero.com",
  "contributors": [
    "gnick666@gmail.com"
  ],
  "description": "AngularJS wrapper for SweetAlert",
  "keywords": [
    "angular",
    "AngularJs",
    "sweetalert",
    "sweet",
    "alert"
  ],
  "license": "MIT",
  "ignore": [
    "**/.*",
    "node_modules",
    "bower_components",
    "test",
    "tests",
    "CHANGELOG.md"
  ],
  "dependencies": {
    "angular": "~1.2.0",
    "sweetalert": ">=0.3.0"
  },
  "devDependencies": {},
  "homepage": "https://github.com/oitozero/ngSweetAlert",
  "_release": "1.1.0",
  "_resolution": {
    "type": "version",
    "tag": "1.1.0",
    "commit": "394ff387de44a2ca1a1af61f24942de6faf0965b"
  },
  "_source": "git://github.com/oitozero/ngSweetAlert.git",
  "_target": "~1.1.0",
  "_originalSource": "angular-sweetalert"
}